Date, level, difference value
01/08/2002, 100, 0.46020508
01/08/2002, 70, 0.87145996
01/08/2002, 50, 0.20527649
01/08/2002, 30, 0.38183594
01/08/2002, 20, 0.75772095
01/08/2002, 10, -0.6954956
01/08/2002, 7, 0.9766998
01/08/2002, 5, 5.291641
01/08/2002, 3, 1.4918823
01/08/2002, 2, -5.9033966
01/08/2002, 1, 3.0120392
02/08/2002, 100, 0.45983887
02/08/2002, 70, 0.81178284
02/08/2002, 50, 0.1652832
02/08/2002, 30, 0.43348694
02/08/2002, 20, 0.5224304
02/08/2002, 10, -0.4283905
02/08/2002, 7, 1.8627167
02/08/2002, 5, 5.0842285
02/08/2002, 3, 0.20928955
02/08/2002, 2, -5.9000854
02/08/2002, 1, 4.5426483
03/08/2002, 100, 0.40663147
03/08/2002, 70, 0.7687073
03/08/2002, 50, 0.20114136
03/08/2002, 30, 0.2931671
03/08/2002, 20, 0.32351685
03/08/2002, 10, -0.03137207
03/08/2002, 7, 2.1499634
03/08/2002, 5, 5.119217
03/08/2002, 3, 0.16777039
03/08/2002, 2, -5.036392
03/08/2002, 1, 3.4088287
04/08/2002, 100, 0.49134827
04/08/2002, 70, 0.8450012
04/08/2002, 50, 0.36065674
04/08/2002, 30, 0.0831604
04/08/2002, 20, 0.22132874
04/08/2002, 10, 0.17807007
04/08/2002, 7, 2.6347198
04/08/2002, 5, 5.335434
04/08/2002, 3, 0.115478516
04/08/2002, 2, -3.958847
04/08/2002, 1, 2.3286438
05/08/2002, 100, 0.5261688
05/08/2002, 70, 0.9038086
05/08/2002, 50, 0.32530212
05/08/2002, 30, -0.06488037
05/08/2002, 20, 0.14337158
05/08/2002, 10, 0.5842743
05/08/2002, 7, 3.0808258
05/08/2002, 5, 4.940262
05/08/2002, 3, 0.08773804
05/08/2002, 2, -3.3399353
05/08/2002, 1, 0.6074524
06/08/2002, 100, 0.539917
06/08/2002, 70, 0.8544464
06/08/2002, 50, 0.36105347
06/08/2002, 30, -0.09150696
06/08/2002, 20, 0.18411255
06/08/2002, 10, 0.6074829
06/08/2002, 7, 2.7925568
06/08/2002, 5, 3.9930115
06/08/2002, 3, 0.16026306
06/08/2002, 2, -2.733261
06/08/2002, 1, 0.48327637
07/08/2002, 100, 0.52948
07/08/2002, 70, 0.7858124
07/08/2002, 50, 0.24111938
07/08/2002, 30, -0.06137085
07/08/2002, 20, 0.20013428
07/08/2002, 10, 0.34588623
07/08/2002, 7, 2.393036
07/08/2002, 5, 3.8555298
07/08/2002, 3, 0.2034607
07/08/2002, 2, -3.536499
07/08/2002, 1, 0.9579773
08/08/2002, 100, 0.47216797
08/08/2002, 70, 0.7532196
08/08/2002, 50, 0.18328857
08/08/2002, 30, 0.02305603
08/08/2002, 20, 0.2969818
08/08/2002, 10, -0.16012573
08/08/2002, 7, 2.307907
08/08/2002, 5, 4.340622
08/08/2002, 3, -0.39291382
08/08/2002, 2, -4.1002502
08/08/2002, 1, 1.6571655
09/08/2002, 100, 0.49482727
09/08/2002, 70, 0.79234314
09/08/2002, 50, 0.3143158
09/08/2002, 30, 0.037902832
09/08/2002, 20, 0.41470337
09/08/2002, 10, -0.10185242
09/08/2002, 7, 1.6832886
09/08/2002, 5, 4.675247
09/08/2002, 3, -0.33483887
09/08/2002, 2, -5.9346924
09/08/2002, 1, 2.8746643
10/08/2002, 100, 0.40644836
10/08/2002, 70, 0.8440094
10/08/2002, 50, 0.43746948
10/08/2002, 30, -0.019424438
10/08/2002, 20, 0.47138977
10/08/2002, 10, -0.019927979
10/08/2002, 7, 1.8484344
10/08/2002, 5, 4.959381
10/08/2002, 3, -0.8280792
10/08/2002, 2, -6.8843384
10/08/2002, 1, 3.4108887
11/08/2002, 100, 0.587265
11/08/2002, 70, 0.72862244
11/08/2002, 50, 0.19631958
11/08/2002, 30, -0.040740967
11/08/2002, 20, 0.5174103
11/08/2002, 10, -0.030441284
11/08/2002, 7, 2.2730103
11/08/2002, 5, 5.2921295
11/08/2002, 3, -0.6208954
11/08/2002, 2, -5.917145
11/08/2002, 1, 4.5337524
12/08/2002, 100, 0.599411
12/08/2002, 70, 0.6642456
12/08/2002, 50, 0.18849182
12/08/2002, 30, -0.04588318
12/08/2002, 20, 0.30099487
12/08/2002, 10, 0.4828949
12/08/2002, 7, 2.755249
12/08/2002, 5, 4.6656494
12/08/2002, 3, -0.044036865
12/08/2002, 2, -3.4190063
12/08/2002, 1, 2.4519653
13/08/2002, 100, 0.5660248
13/08/2002, 70, 0.6700134
13/08/2002, 50, 0.2516632
13/08/2002, 30, -0.026153564
13/08/2002, 20, 0.14620972
13/08/2002, 10, 1.3123169
13/08/2002, 7, 2.964096
13/08/2002, 5, 3.8565063
13/08/2002, 3, 0.45591736
13/08/2002, 2, -2.0927582
13/08/2002, 1, 1.8487549
14/08/2002, 100, 0.5703888
14/08/2002, 70, 0.5964203
14/08/2002, 50, 0.12722778
14/08/2002, 30, 0.056625366
14/08/2002, 20, 0.2006073
14/08/2002, 10, 1.2869415
14/08/2002, 7, 2.8600311
14/08/2002, 5, 3.6195679
14/08/2002, 3, 0.3153839
14/08/2002, 2, -2.3841705
14/08/2002, 1, 1.7840576
15/08/2002, 100, 0.6050415
15/08/2002, 70, 0.58573914
15/08/2002, 50, -0.08673096
15/08/2002, 30, 0.05000305
15/08/2002, 20, 0.2894287
15/08/2002, 10, 0.9921112
15/08/2002, 7, 2.551178
15/08/2002, 5, 3.0726624
15/08/2002, 3, 0.47880554
15/08/2002, 2, -2.3476715
15/08/2002, 1, 1.2314148
16/08/2002, 100, 0.43423462
16/08/2002, 70, 0.6702423
16/08/2002, 50, 0.08314514
16/08/2002, 30, -0.048828125
16/08/2002, 20, 0.19737244
16/08/2002, 10, 1.0417786
16/08/2002, 7, 2.8699646
16/08/2002, 5, 3.0953674
16/08/2002, 3, -0.33512878
16/08/2002, 2, -1.9926147
16/08/2002, 1, 1.5731812
17/08/2002, 100, 0.31336975
17/08/2002, 70, 0.5923157
17/08/2002, 50, 0.3499298
17/08/2002, 30, -0.10765076
17/08/2002, 20, -0.0009765625
17/08/2002, 10, 1.2264252
17/08/2002, 7, 2.954483
17/08/2002, 5, 3.2210236
17/08/2002, 3, -0.45742798
17/08/2002, 2, -2.035202
17/08/2002, 1, 1.368103
18/08/2002, 100, 0.38368225
18/08/2002, 70, 0.6024475
18/08/2002, 50, 0.14155579
18/08/2002, 30, -0.122558594
18/08/2002, 20, -0.01663208
18/08/2002, 10, 1.195343
18/08/2002, 7, 2.6642914
18/08/2002, 5, 2.7162628
18/08/2002, 3, -0.2262268
18/08/2002, 2, -1.8888245
18/08/2002, 1, 1.2467957
19/08/2002, 100, 0.3997345
19/08/2002, 70, 0.6641083
19/08/2002, 50, 0.025421143
19/08/2002, 30, -0.12666321
19/08/2002, 20, 0.04272461
19/08/2002, 10, 1.1837158
19/08/2002, 7, 2.6114502
19/08/2002, 5, 3.580536
19/08/2002, 3, 0.5594177
19/08/2002, 2, -2.880188
19/08/2002, 1, 1.3326721
20/08/2002, 100, 0.42385864
20/08/2002, 70, 0.64920044
20/08/2002, 50, -0.025253296
20/08/2002, 30, -0.14059448
20/08/2002, 20, 0.14868164
20/08/2002, 10, 1.6124725
20/08/2002, 7, 2.8058472
20/08/2002, 5, 3.2846222
20/08/2002, 3, 1.5551605
20/08/2002, 2, -1.1204834
20/08/2002, 1, 0.13516235
21/08/2002, 100, 0.2705078
21/08/2002, 70, 0.63298035
21/08/2002, 50, 0.18255615
21/08/2002, 30, -0.14414978
21/08/2002, 20, 0.19671631
21/08/2002, 10, 2.293396
21/08/2002, 7, 2.5070648
21/08/2002, 5, 2.4180756
21/08/2002, 3, 2.2315063
21/08/2002, 2, 0.57373047
21/08/2002, 1, -0.41262817
22/08/2002, 100, 0.20057678
22/08/2002, 70, 0.7078705
22/08/2002, 50, 0.23466492
22/08/2002, 30, -0.2602234
22/08/2002, 20, 0.1430664
22/08/2002, 10, 2.4310913
22/08/2002, 7, 1.845932
22/08/2002, 5, 1.1989899
22/08/2002, 3, 1.5560913
22/08/2002, 2, 2.1293335
22/08/2002, 1, -0.89071655
23/08/2002, 100, 0.096221924
23/08/2002, 70, 0.7613983
23/08/2002, 50, 0.15965271
23/08/2002, 30, -0.4281311
23/08/2002, 20, 0.02029419
23/08/2002, 10, 2.3002777
23/08/2002, 7, 0.9956665
23/08/2002, 5, 0.09515381
23/08/2002, 3, 1.778656
23/08/2002, 2, 3.0440063
23/08/2002, 1, -0.835907
24/08/2002, 100, 0.25785828
24/08/2002, 70, 0.625824
24/08/2002, 50, -0.048675537
24/08/2002, 30, -0.68125916
24/08/2002, 20, -0.039749146
24/08/2002, 10, 1.9852905
24/08/2002, 7, 0.69252014
24/08/2002, 5, 0.04034424
24/08/2002, 3, 1.1714783
24/08/2002, 2, 3.4342651
24/08/2002, 1, -1.103241
25/08/2002, 100, 0.29548645
25/08/2002, 70, 0.499588
25/08/2002, 50, -0.04006958
25/08/2002, 30, -0.46157837
25/08/2002, 20, 0.053390503
25/08/2002, 10, 1.3352661
25/08/2002, 7, 0.7898865
25/08/2002, 5, 0.6135559
25/08/2002, 3, 0.9063721
25/08/2002, 2, 1.9741211
25/08/2002, 1, 0.36138916
26/08/2002, 100, 0.28242493
26/08/2002, 70, 0.5443268
26/08/2002, 50, -0.011566162
26/08/2002, 30, -0.37355042
26/08/2002, 20, 0.0063476562
26/08/2002, 10, 0.7380066
26/08/2002, 7, 1.5712433
26/08/2002, 5, 1.891449
26/08/2002, 3, -0.38998413
26/08/2002, 2, -1.5761719
26/08/2002, 1, 2.5425415
27/08/2002, 100, 0.2787323
27/08/2002, 70, 0.5574951
27/08/2002, 50, 0.072784424
27/08/2002, 30, -0.18609619
27/08/2002, 20, 0.1464386
27/08/2002, 10, 0.25349426
27/08/2002, 7, 1.3417664
27/08/2002, 5, 2.3134918
27/08/2002, 3, 0.37182617
27/08/2002, 2, -1.9367981
27/08/2002, 1, 2.4064941
28/08/2002, 100, 0.3596344
28/08/2002, 70, 0.5773468
28/08/2002, 50, 0.04600525
28/08/2002, 30, -0.020629883
28/08/2002, 20, 0.45584106
28/08/2002, 10, 0.3698578
28/08/2002, 7, 1.5833435
28/08/2002, 5, 3.0980377
28/08/2002, 3, 0.58740234
28/08/2002, 2, -2.6110687
28/08/2002, 1, 2.80188
29/08/2002, 100, 0.46374512
29/08/2002, 70, 0.6471405
29/08/2002, 50, 0.06367493
29/08/2002, 30, -0.051818848
29/08/2002, 20, 0.5601196
29/08/2002, 10, 0.5603943
29/08/2002, 7, 0.9750366
29/08/2002, 5, 2.784256
29/08/2002, 3, 1.8608398
29/08/2002, 2, -1.2823486
29/08/2002, 1, 1.9735413
30/08/2002, 100, 0.26075745
30/08/2002, 70, 0.615036
30/08/2002, 50, 0.14439392
30/08/2002, 30, -0.21769714
30/08/2002, 20, 0.5886841
30/08/2002, 10, 1.1392059
30/08/2002, 7, 1.4472351
30/08/2002, 5, 2.6664124
30/08/2002, 3, 1.4729309
30/08/2002, 2, -0.8539734
30/08/2002, 1, 1.4006042
31/08/2002, 100, 0.20729065
31/08/2002, 70, 0.5695648
31/08/2002, 50, 0.25871277
31/08/2002, 30, -0.23931885
31/08/2002, 20, 0.20352173
31/08/2002, 10, 1.9766388
31/08/2002, 7, 1.8401337
31/08/2002, 5, 1.7779388
31/08/2002, 3, 1.6078796
31/08/2002, 2, 0.8357544
31/08/2002, 1, 0.881073
01/09/2002, 100, 0.25248718
01/09/2002, 70, 0.7586365
01/09/2002, 50, 0.11860657
01/09/2002, 30, -0.45674133
01/09/2002, 20, 0.12936401
01/09/2002, 10, 2.1383057
01/09/2002, 7, 1.4721069
01/09/2002, 5, 0.64393616
01/09/2002, 3, 2.2087708
01/09/2002, 2, 2.8955078
01/09/2002, 1, -0.17224121
02/09/2002, 100, 0.15646362
02/09/2002, 70, 0.7165985
02/09/2002, 50, 0.17129517
02/09/2002, 30, -0.773407
02/09/2002, 20, 0.14517212
02/09/2002, 10, 1.8442078
02/09/2002, 7, 1.2552032
02/09/2002, 5, 1.1131744
02/09/2002, 3, 2.3626404
02/09/2002, 2, 2.059204
02/09/2002, 1, -0.739624
03/09/2002, 100, 0.120285034
03/09/2002, 70, 0.65815735
03/09/2002, 50, 0.15931702
03/09/2002, 30, -0.50305176
03/09/2002, 20, 0.32014465
03/09/2002, 10, 1.515213
03/09/2002, 7, 1.284378
03/09/2002, 5, 1.7543335
03/09/2002, 3, 1.7705231
03/09/2002, 2, 1.4438171
03/09/2002, 1, 0.044128418
04/09/2002, 100, 0.17323303
04/09/2002, 70, 0.6667023
04/09/2002, 50, 0.036880493
04/09/2002, 30, -0.1940918
04/09/2002, 20, 0.411438
04/09/2002, 10, 1.0419617
04/09/2002, 7, 1.4298859
04/09/2002, 5, 1.6646423
04/09/2002, 3, 1.071106
04/09/2002, 2, 0.05041504
04/09/2002, 1, 1.5184631
05/09/2002, 100, 0.24203491
05/09/2002, 70, 0.6648102
05/09/2002, 50, 0.028457642
05/09/2002, 30, -0.3165741
05/09/2002, 20, 0.30725098
05/09/2002, 10, 1.1045227
05/09/2002, 7, 1.3682098
05/09/2002, 5, 1.7977905
05/09/2002, 3, 0.9732666
05/09/2002, 2, -0.11764526
05/09/2002, 1, 1.4623108
06/09/2002, 100, 0.26815796
06/09/2002, 70, 0.6721802
06/09/2002, 50, -0.085876465
06/09/2002, 30, -0.18441772
06/09/2002, 20, 0.1633606
06/09/2002, 10, 0.9302826
06/09/2002, 7, 1.2415161
06/09/2002, 5, 1.5031433
06/09/2002, 3, 0.503067
06/09/2002, 2, -0.0046081543
06/09/2002, 1, 2.4248047
07/09/2002, 100, 0.20535278
07/09/2002, 70, 0.65582275
07/09/2002, 50, -0.12208557
07/09/2002, 30, -0.18190002
07/09/2002, 20, 0.10610962
07/09/2002, 10, 0.42964172
07/09/2002, 7, 0.99290466
07/09/2002, 5, 1.4763184
07/09/2002, 3, 0.65219116
07/09/2002, 2, 0.88668823
07/09/2002, 1, 4.129608
08/09/2002, 100, 0.37612915
08/09/2002, 70, 0.64456177
08/09/2002, 50, -0.01939392
08/09/2002, 30, -0.20344543
08/09/2002, 20, 0.22816467
08/09/2002, 10, 0.46044922
08/09/2002, 7, 1.0885468
08/09/2002, 5, 2.7857666
08/09/2002, 3, 1.7133179
08/09/2002, 2, -1.4380493
08/09/2002, 1, 3.0056763
09/09/2002, 100, 0.47680664
09/09/2002, 70, 0.580307
09/09/2002, 50, -0.1282196
09/09/2002, 30, -0.036376953
09/09/2002, 20, 0.6321411
09/09/2002, 10, 0.6457062
09/09/2002, 7, 1.6933289
09/09/2002, 5, 3.0836487
09/09/2002, 3, 1.6142883
09/09/2002, 2, -0.33190918
09/09/2002, 1, 0.9845886
10/09/2002, 100, 0.41575623
10/09/2002, 70, 0.62789917
10/09/2002, 50, -0.15377808
10/09/2002, 30, 0.12670898
10/09/2002, 20, 0.5769348
10/09/2002, 10, 0.8204193
10/09/2002, 7, 1.9293213
10/09/2002, 5, 2.9523315
10/09/2002, 3, 0.6881256
10/09/2002, 2, 0.2644348
10/09/2002, 1, 0.68829346
11/09/2002, 100, 0.27944946
11/09/2002, 70, 0.5948181
11/09/2002, 50, 0.017211914
11/09/2002, 30, -0.075912476
11/09/2002, 20, 0.3271942
11/09/2002, 10, 1.4461517
11/09/2002, 7, 1.94487
11/09/2002, 5, 2.3342285
11/09/2002, 3, 0.944397
11/09/2002, 2, 1.0072021
11/09/2002, 1, 0.50320435
12/09/2002, 100, 0.2566681
12/09/2002, 70, 0.5033417
12/09/2002, 50, 0.07142639
12/09/2002, 30, -0.27522278
12/09/2002, 20, 0.2611084
12/09/2002, 10, 1.99263
12/09/2002, 7, 1.6080933
12/09/2002, 5, 1.2452087
12/09/2002, 3, 1.3204346
12/09/2002, 2, 1.7418823
12/09/2002, 1, 0.3592224
13/09/2002, 100, 0.115371704
13/09/2002, 70, 0.48519897
13/09/2002, 50, 0.019485474
13/09/2002, 30, -0.39257812
13/09/2002, 20, 0.18005371
13/09/2002, 10, 1.5905457
13/09/2002, 7, 1.4529114
13/09/2002, 5, 0.78045654
13/09/2002, 3, 0.6158142
13/09/2002, 2, 2.3220215
13/09/2002, 1, 0.8288269
14/09/2002, 100, 0.1598053
14/09/2002, 70, 0.45613098
14/09/2002, 50, -0.03842163
14/09/2002, 30, -0.52104187
14/09/2002, 20, 0.27542114
14/09/2002, 10, 1.3003082
14/09/2002, 7, 1.3367767
14/09/2002, 5, 0.75460815
14/09/2002, 3, 0.8997803
14/09/2002, 2, 2.762085
14/09/2002, 1, 0.5850525
15/09/2002, 100, 0.112457275
15/09/2002, 70, 0.44281006
15/09/2002, 50, -0.07020569
15/09/2002, 30, -0.5175476
15/09/2002, 20, 0.17756653
15/09/2002, 10, 1.1835632
15/09/2002, 7, 1.6173401
15/09/2002, 5, 0.84246826
15/09/2002, 3, 1.1442261
15/09/2002, 2, 2.6549988
15/09/2002, 1, 1.4472961
16/09/2002, 100, -3.0517578e-05
16/09/2002, 70, 0.36099243
16/09/2002, 50, 0.057556152
16/09/2002, 30, -0.57185364
16/09/2002, 20, -0.0013885498
16/09/2002, 10, 1.215805
16/09/2002, 7, 1.5464325
16/09/2002, 5, 1.5022278
16/09/2002, 3, 1.1524963
16/09/2002, 2, 1.5067749
16/09/2002, 1, 1.455719
17/09/2002, 100, 0.10122681
17/09/2002, 70, 0.4860382
17/09/2002, 50, 0.20838928
17/09/2002, 30, -0.47268677
17/09/2002, 20, 0.20071411
17/09/2002, 10, 0.9608154
17/09/2002, 7, 1.5441895
17/09/2002, 5, 2.102005
17/09/2002, 3, 1.1869202
17/09/2002, 2, 0.027160645
17/09/2002, 1, 2.641388
18/09/2002, 100, 0.06718445
18/09/2002, 70, 0.59207153
18/09/2002, 50, 0.25364685
18/09/2002, 30, -0.4013977
18/09/2002, 20, 0.21385193
18/09/2002, 10, 0.678421
18/09/2002, 7, 1.2188721
18/09/2002, 5, 1.9178314
18/09/2002, 3, 1.0987396
18/09/2002, 2, 0.27108765
18/09/2002, 1, 1.4291687
19/09/2002, 100, 0.10997009
19/09/2002, 70, 0.5713806
19/09/2002, 50, 0.18812561
19/09/2002, 30, -0.26971436
19/09/2002, 20, 0.28936768
19/09/2002, 10, 0.32385254
19/09/2002, 7, 1.4051666
19/09/2002, 5, 2.617218
19/09/2002, 3, 1.0488281
19/09/2002, 2, -0.7607727
19/09/2002, 1, 1.0461121
20/09/2002, 100, 0.31489563
20/09/2002, 70, 0.4935608
20/09/2002, 50, 0.0012512207
20/09/2002, 30, -0.07331848
20/09/2002, 20, 0.6376343
20/09/2002, 10, 0.4234619
20/09/2002, 7, 1.5024261
20/09/2002, 5, 2.9419098
20/09/2002, 3, 1.1793823
20/09/2002, 2, -0.6017456
20/09/2002, 1, 0.114746094
21/09/2002, 100, 0.32731628
21/09/2002, 70, 0.69595337
21/09/2002, 50, 0.15673828
21/09/2002, 30, 0.15263367
21/09/2002, 20, 0.70932007
21/09/2002, 10, 0.61860657
21/09/2002, 7, 1.0079956
21/09/2002, 5, 1.6683502
21/09/2002, 3, 0.87893677
21/09/2002, 2, 0.33462524
21/09/2002, 1, -0.16394043
22/09/2002, 100, 0.25808716
22/09/2002, 70, 0.62210083
22/09/2002, 50, 0.20903015
22/09/2002, 30, 0.053329468
22/09/2002, 20, 0.018951416
22/09/2002, 10, 0.80329895
22/09/2002, 7, 0.62435913
22/09/2002, 5, 0.89068604
22/09/2002, 3, 0.7268524
22/09/2002, 2, 1.1584778
22/09/2002, 1, 0.23901367
23/09/2002, 100, 0.11830139
23/09/2002, 70, 0.52275085
23/09/2002, 50, 0.0061187744
23/09/2002, 30, -0.020202637
23/09/2002, 20, 0.04928589
23/09/2002, 10, 0.75242615
23/09/2002, 7, 0.919281
23/09/2002, 5, 0.3527069
23/09/2002, 3, 0.9805298
23/09/2002, 2, 1.4151306
23/09/2002, 1, 0.5072937
24/09/2002, 100, -0.068573
24/09/2002, 70, 0.14927673
24/09/2002, 50, -0.017288208
24/09/2002, 30, 0.18217468
24/09/2002, 20, -0.08215332
24/09/2002, 10, 1.1233215
24/09/2002, 7, 0.8722992
24/09/2002, 5, -0.6990509
24/09/2002, 3, 0.8363037
24/09/2002, 2, 4.5080414
24/09/2002, 1, -1.8793335
25/09/2002, 100, -0.020080566
25/09/2002, 70, 0.034423828
25/09/2002, 50, 0.17996216
25/09/2002, 30, -0.14822388
25/09/2002, 20, -0.11894226
25/09/2002, 10, 1.1781616
25/09/2002, 7, 0.28862
25/09/2002, 5, -1.4398193
25/09/2002, 3, 0.65678406
25/09/2002, 2, 5.998291
25/09/2002, 1, -2.9473267
26/09/2002, 100, -0.27264404
26/09/2002, 70, -0.072021484
26/09/2002, 50, -0.05303955
26/09/2002, 30, -0.011230469
26/09/2002, 20, -0.2013855
26/09/2002, 10, 1.0888519
26/09/2002, 7, -0.40649414
26/09/2002, 5, -1.8298645
26/09/2002, 3, 0.5493622
26/09/2002, 2, 5.5940247
26/09/2002, 1, -1.9976501
27/09/2002, 100, -0.41192627
27/09/2002, 70, -0.1796112
27/09/2002, 50, -0.24458313
27/09/2002, 30, -0.3607788
27/09/2002, 20, -0.7471161
27/09/2002, 10, 0.8017731
27/09/2002, 7, -0.49934387
27/09/2002, 5, -2.2767334
27/09/2002, 3, 0.3843994
27/09/2002, 2, 5.3455963
27/09/2002, 1, -0.7276764
28/09/2002, 100, -0.40016174
28/09/2002, 70, -0.22930908
28/09/2002, 50, -0.2929077
28/09/2002, 30, -0.5270386
28/09/2002, 20, -0.7535095
28/09/2002, 10, 0.6903839
28/09/2002, 7, -0.34106445
28/09/2002, 5, -1.8685608
28/09/2002, 3, 0.556427
28/09/2002, 2, 5.2940674
28/09/2002, 1, -0.26164246
29/09/2002, 100, -0.3028717
29/09/2002, 70, -0.4045868
29/09/2002, 50, -0.4330902
29/09/2002, 30, -0.4954834
29/09/2002, 20, -0.7283325
29/09/2002, 10, 0.4285736
29/09/2002, 7, -0.048828125
29/09/2002, 5, -1.0004272
29/09/2002, 3, 0.9934845
29/09/2002, 2, 4.9020844
29/09/2002, 1, -0.99282837
30/09/2002, 100, -0.2954712
30/09/2002, 70, -0.36831665
30/09/2002, 50, -0.4678955
30/09/2002, 30, -0.44380188
30/09/2002, 20, -0.6773071
30/09/2002, 10, 0.66041565
30/09/2002, 7, 0.12799072
30/09/2002, 5, -1.4116974
30/09/2002, 3, 0.90489197
30/09/2002, 2, 5.952133
30/09/2002, 1, -2.859314
01/10/2002, 100, -0.27720642
01/10/2002, 70, -0.2056427
01/10/2002, 50, -0.3692932
01/10/2002, 30, -0.40673828
01/10/2002, 20, -0.9026947
01/10/2002, 10, 1.1493988
01/10/2002, 7, 0.45199585
01/10/2002, 5, -1.5054169
01/10/2002, 3, 0.7890167
01/10/2002, 2, 6.71315
01/10/2002, 1, -3.4581451
02/10/2002, 100, -0.10369873
02/10/2002, 70, -0.25839233
02/10/2002, 50, -0.30677795
02/10/2002, 30, -0.29544067
02/10/2002, 20, -0.7229004
02/10/2002, 10, 1.2131653
02/10/2002, 7, 0.49328613
02/10/2002, 5, -1.1170044
02/10/2002, 3, 1.0041809
02/10/2002, 2, 5.79097
02/10/2002, 1, -2.0534973
03/10/2002, 100, -0.054382324
03/10/2002, 70, -0.11105347
03/10/2002, 50, -0.06436157
03/10/2002, 30, -0.32992554
03/10/2002, 20, -0.73106384
03/10/2002, 10, 0.96287537
03/10/2002, 7, 0.40167236
03/10/2002, 5, -1.2527771
03/10/2002, 3, 1.1286774
03/10/2002, 2, 6.1088867
03/10/2002, 1, -2.0186462
04/10/2002, 100, 0.030715942
04/10/2002, 70, -0.11445618
04/10/2002, 50, -0.11753845
04/10/2002, 30, -0.05821228
04/10/2002, 20, -0.73576355
04/10/2002, 10, 1.0338135
04/10/2002, 7, 0.6771393
04/10/2002, 5, -1.2639923
04/10/2002, 3, 0.72779846
04/10/2002, 2, 6.0404663
04/10/2002, 1, -2.0771484
05/10/2002, 100, -0.06474304
05/10/2002, 70, -0.33078003
05/10/2002, 50, -0.16456604
05/10/2002, 30, -0.13912964
05/10/2002, 20, -0.8782501
05/10/2002, 10, 0.8984833
05/10/2002, 7, 1.010086
05/10/2002, 5, -1.1974182
05/10/2002, 3, 0.37760925
05/10/2002, 2, 5.5804443
05/10/2002, 1, -1.0943604
06/10/2002, 100, -0.13806152
06/10/2002, 70, -0.38838196
06/10/2002, 50, 0.011581421
06/10/2002, 30, -0.4033203
06/10/2002, 20, -1.0394287
06/10/2002, 10, 1.0901642
06/10/2002, 7, 0.9606781
06/10/2002, 5, -1.6442413
06/10/2002, 3, 0.7384491
06/10/2002, 2, 6.10585
06/10/2002, 1, -1.4208374
07/10/2002, 100, -0.20095825
07/10/2002, 70, -0.25228882
07/10/2002, 50, -0.06098938
07/10/2002, 30, -0.6769409
07/10/2002, 20, -0.6419983
07/10/2002, 10, 0.9250946
07/10/2002, 7, 0.43519592
07/10/2002, 5, -1.1695709
07/10/2002, 3, 0.7298279
07/10/2002, 2, 6.1078033
07/10/2002, 1, -1.5014954
08/10/2002, 100, -0.06071472
08/10/2002, 70, -0.0032196045
08/10/2002, 50, -0.1382904
08/10/2002, 30, -0.37553406
08/10/2002, 20, -0.20011902
08/10/2002, 10, 0.3320923
08/10/2002, 7, 0.78970337
08/10/2002, 5, -0.49613953
08/10/2002, 3, 0.5906067
08/10/2002, 2, 4.9350433
08/10/2002, 1, -0.6593628
09/10/2002, 100, 0.090423584
09/10/2002, 70, 0.18547058
09/10/2002, 50, -0.1645813
09/10/2002, 30, -0.40396118
09/10/2002, 20, -0.08999634
09/10/2002, 10, 0.25250244
09/10/2002, 7, 0.39042664
09/10/2002, 5, -0.56796265
09/10/2002, 3, 0.81329346
09/10/2002, 2, 5.012375
09/10/2002, 1, -0.66641235
10/10/2002, 100, 0.04396057
10/10/2002, 70, 0.18159485
10/10/2002, 50, -0.20729065
10/10/2002, 30, -0.4940796
10/10/2002, 20, -0.20932007
10/10/2002, 10, 0.29945374
10/10/2002, 7, 0.2501068
10/10/2002, 5, -0.4878235
10/10/2002, 3, 1.062561
10/10/2002, 2, 4.5138245
10/10/2002, 1, -0.7989807
11/10/2002, 100, 0.04135132
11/10/2002, 70, 0.17982483
11/10/2002, 50, -0.20332336
11/10/2002, 30, -0.38197327
11/10/2002, 20, -0.18313599
11/10/2002, 10, 0.3993683
11/10/2002, 7, 0.19561768
11/10/2002, 5, -0.51335144
11/10/2002, 3, 1.4916077
11/10/2002, 2, 4.3226013
11/10/2002, 1, -0.988678
12/10/2002, 100, -0.018066406
12/10/2002, 70, 0.18229675
12/10/2002, 50, -0.13911438
12/10/2002, 30, -0.3218994
12/10/2002, 20, -0.24435425
12/10/2002, 10, 0.6026001
12/10/2002, 7, 0.14984131
12/10/2002, 5, -0.3352356
12/10/2002, 3, 1.2880249
12/10/2002, 2, 3.6685486
12/10/2002, 1, -0.394104
13/10/2002, 100, 0.005645752
13/10/2002, 70, 0.17782593
13/10/2002, 50, -0.06803894
13/10/2002, 30, -0.3809204
13/10/2002, 20, -0.18174744
13/10/2002, 10, 0.53871155
13/10/2002, 7, 0.19920349
13/10/2002, 5, -0.15319824
13/10/2002, 3, 1.0741272
13/10/2002, 2, 2.994751
13/10/2002, 1, 0.10797119
14/10/2002, 100, 0.10220337
14/10/2002, 70, 0.22070312
14/10/2002, 50, -0.07243347
14/10/2002, 30, -0.46516418
14/10/2002, 20, -0.17019653
14/10/2002, 10, 0.49565125
14/10/2002, 7, 0.246521
14/10/2002, 5, 0.07887268
14/10/2002, 3, 0.8606262
14/10/2002, 2, 2.6247559
14/10/2002, 1, 0.46237183
15/10/2002, 100, 0.03755188
15/10/2002, 70, 0.24609375
15/10/2002, 50, 0.0715332
15/10/2002, 30, -0.58943176
15/10/2002, 20, -0.2781372
15/10/2002, 10, 0.49302673
15/10/2002, 7, 0.45158386
15/10/2002, 5, -0.009887695
15/10/2002, 3, 0.9177704
15/10/2002, 2, 2.6162415
15/10/2002, 1, 0.27893066
16/10/2002, 100, 0.020874023
16/10/2002, 70, 0.21907043
16/10/2002, 50, 0.056671143
16/10/2002, 30, -0.56866455
16/10/2002, 20, -0.28274536
16/10/2002, 10, 0.3820343
16/10/2002, 7, 0.21244812
16/10/2002, 5, 0.24777222
16/10/2002, 3, 1.1426239
16/10/2002, 2, 2.383789
16/10/2002, 1, 0.60684204
17/10/2002, 100, 0.033065796
17/10/2002, 70, 0.23908997
17/10/2002, 50, -0.17138672
17/10/2002, 30, -0.41099548
17/10/2002, 20, -0.1423645
17/10/2002, 10, 0.2762146
17/10/2002, 7, 0.3765869
17/10/2002, 5, 0.6354828
17/10/2002, 3, 0.87060547
17/10/2002, 2, 2.3920898
17/10/2002, 1, 0.49945068
18/10/2002, 100, 0.0423584
18/10/2002, 70, 0.19229126
18/10/2002, 50, -0.17712402
18/10/2002, 30, -0.28970337
18/10/2002, 20, -0.11250305
18/10/2002, 10, 0.3425598
18/10/2002, 7, 0.6439667
18/10/2002, 5, 0.47354126
18/10/2002, 3, 0.8814392
18/10/2002, 2, 2.4957886
18/10/2002, 1, 0.18035889
19/10/2002, 100, 0.015213013
19/10/2002, 70, 0.20518494
19/10/2002, 50, -0.21685791
19/10/2002, 30, -0.21408081
19/10/2002, 20, 0.18939209
19/10/2002, 10, 0.040145874
19/10/2002, 7, 0.48638916
19/10/2002, 5, 0.6965637
19/10/2002, 3, 0.93774414
19/10/2002, 2, 2.0789185
19/10/2002, 1, 0.35430908
20/10/2002, 100, 0.10404968
20/10/2002, 70, 0.31759644
20/10/2002, 50, -0.30822754
20/10/2002, 30, -0.23809814
20/10/2002, 20, 0.2250824
20/10/2002, 10, 0.07752991
20/10/2002, 7, 0.35388184
20/10/2002, 5, 0.8117218
20/10/2002, 3, 0.97232056
20/10/2002, 2, 2.184845
20/10/2002, 1, 0.25283813
21/10/2002, 100, 0.03967285
21/10/2002, 70, 0.2485199
21/10/2002, 50, -0.25128174
21/10/2002, 30, -0.21240234
21/10/2002, 20, 0.24667358
21/10/2002, 10, 0.04194641
21/10/2002, 7, 0.4514618
21/10/2002, 5, 0.66423035
21/10/2002, 3, 1.0879517
21/10/2002, 2, 2.3415222
21/10/2002, 1, 0.032226562
22/10/2002, 100, 0.08602905
22/10/2002, 70, 0.17376709
22/10/2002, 50, -0.19152832
22/10/2002, 30, -0.10305786
22/10/2002, 20, 0.19766235
22/10/2002, 10, -0.0062408447
22/10/2002, 7, 0.5781555
22/10/2002, 5, 0.68141174
22/10/2002, 3, 0.6552124
22/10/2002, 2, 2.3656921
22/10/2002, 1, 0.727478
23/10/2002, 100, 0.100357056
23/10/2002, 70, 0.16566467
23/10/2002, 50, -0.19847107
23/10/2002, 30, 0.09007263
23/10/2002, 20, 0.09812927
23/10/2002, 10, 0.25727844
23/10/2002, 7, 0.7663269
23/10/2002, 5, 0.4922943
23/10/2002, 3, 0.614563
23/10/2002, 2, 3.0275574
23/10/2002, 1, 0.5045471
24/10/2002, 100, 0.15002441
24/10/2002, 70, 0.057891846
24/10/2002, 50, -0.24905396
24/10/2002, 30, 0.18717957
24/10/2002, 20, -0.009567261
24/10/2002, 10, 0.35095215
24/10/2002, 7, 0.68803406
24/10/2002, 5, 0.39785767
24/10/2002, 3, 0.53829956
24/10/2002, 2, 2.9570007
24/10/2002, 1, 0.51605225
25/10/2002, 100, 0.27487183
25/10/2002, 70, 0.061813354
25/10/2002, 50, -0.2106018
25/10/2002, 30, 0.18424988
25/10/2002, 20, -0.11361694
25/10/2002, 10, 0.2708435
25/10/2002, 7, 0.56427
25/10/2002, 5, 0.12200928
25/10/2002, 3, 0.62527466
25/10/2002, 2, 3.0194092
25/10/2002, 1, 0.493042
26/10/2002, 100, 0.20159912
26/10/2002, 70, 0.076187134
26/10/2002, 50, -0.10244751
26/10/2002, 30, -0.15872192
26/10/2002, 20, -0.16040039
26/10/2002, 10, 0.2383728
26/10/2002, 7, 0.21774292
26/10/2002, 5, -0.3722992
26/10/2002, 3, 1.5161743
26/10/2002, 2, 3.3018188
26/10/2002, 1, 0.4664917
27/10/2002, 100, 0.1720581
27/10/2002, 70, 0.09750366
27/10/2002, 50, -0.16610718
27/10/2002, 30, -0.33163452
27/10/2002, 20, -0.17652893
27/10/2002, 10, 0.041503906
27/10/2002, 7, 0.15975952
27/10/2002, 5, -0.5549927
27/10/2002, 3, 1.7894592
27/10/2002, 2, 3.6041565
27/10/2002, 1, -0.15963745
28/10/2002, 100, 0.05041504
28/10/2002, 70, -0.081726074
28/10/2002, 50, -0.23809814
28/10/2002, 30, -0.203125
28/10/2002, 20, -0.17967224
28/10/2002, 10, 0.21684265
28/10/2002, 7, 0.08244324
28/10/2002, 5, -0.38560486
28/10/2002, 3, 1.8283386
28/10/2002, 2, 3.6680908
28/10/2002, 1, -0.8103943
29/10/2002, 100, 0.035812378
29/10/2002, 70, -0.14471436
29/10/2002, 50, -0.15525818
29/10/2002, 30, -0.12106323
29/10/2002, 20, -0.1602478
29/10/2002, 10, 0.22357178
29/10/2002, 7, 0.2634735
29/10/2002, 5, -0.16409302
29/10/2002, 3, 1.8953247
29/10/2002, 2, 3.6037903
29/10/2002, 1, -1.1264038
30/10/2002, 100, 0.031311035
30/10/2002, 70, -0.07583618
30/10/2002, 50, -0.29995728
30/10/2002, 30, -0.0635376
30/10/2002, 20, -0.26686096
30/10/2002, 10, 0.15280151
30/10/2002, 7, 0.49143982
30/10/2002, 5, -0.2842865
30/10/2002, 3, 2.0169983
30/10/2002, 2, 4.010315
30/10/2002, 1, -1.5867615
31/10/2002, 100, 0.22183228
31/10/2002, 70, -0.038879395
31/10/2002, 50, -0.41697693
31/10/2002, 30, 0.12321472
31/10/2002, 20, -0.30693054
31/10/2002, 10, 0.2340393
31/10/2002, 7, 0.71139526
31/10/2002, 5, -0.42311096
31/10/2002, 3, 2.1353455
31/10/2002, 2, 4.581909
31/10/2002, 1, -1.6825256
01/11/2002, 100, 0.28996277
01/11/2002, 70, -0.065979004
01/11/2002, 50, -0.337677
01/11/2002, 30, 0.08074951
01/11/2002, 20, -0.17506409
01/11/2002, 10, 0.21296692
01/11/2002, 7, 0.6128845
01/11/2002, 5, -0.58354187
01/11/2002, 3, 1.8863525
01/11/2002, 2, 4.357666
01/11/2002, 1, -1.4978943
02/11/2002, 100, 0.12626648
02/11/2002, 70, -0.18377686
02/11/2002, 50, -0.16351318
02/11/2002, 30, -0.0115356445
02/11/2002, 20, -0.33572388
02/11/2002, 10, -0.07142639
02/11/2002, 7, 0.72761536
02/11/2002, 5, -0.10134888
02/11/2002, 3, 1.2376862
02/11/2002, 2, 4.3325195
02/11/2002, 1, -1.2778625
03/11/2002, 100, -0.009796143
03/11/2002, 70, -0.09248352
03/11/2002, 50, -0.12786865
03/11/2002, 30, -0.24104309
03/11/2002, 20, -0.5636902
03/11/2002, 10, 0.34358215
03/11/2002, 7, 0.526062
03/11/2002, 5, -0.7522888
03/11/2002, 3, 1.7674103
03/11/2002, 2, 5.118561
03/11/2002, 1, -1.7521667
04/11/2002, 100, 0.005859375
04/11/2002, 70, -0.046188354
04/11/2002, 50, -0.20539856
04/11/2002, 30, -0.45692444
04/11/2002, 20, -0.5987854
04/11/2002, 10, 0.56677246
04/11/2002, 7, 0.16888428
04/11/2002, 5, -0.747345
04/11/2002, 3, 1.9850616
04/11/2002, 2, 5.320923
04/11/2002, 1, -2.239563
05/11/2002, 100, 0.120666504
05/11/2002, 70, -0.14372253
05/11/2002, 50, -0.4028473
05/11/2002, 30, -0.59477234
05/11/2002, 20, -0.4288025
05/11/2002, 10, 0.52420044
05/11/2002, 7, 0.071762085
05/11/2002, 5, -0.67567444
05/11/2002, 3, 1.8055115
05/11/2002, 2, 5.2643127
05/11/2002, 1, -2.0341187
06/11/2002, 100, 0.17033386
06/11/2002, 70, -0.24708557
06/11/2002, 50, -0.3961029
06/11/2002, 30, -0.5922241
06/11/2002, 20, -0.31147766
06/11/2002, 10, 0.31518555
06/11/2002, 7, 0.65953064
06/11/2002, 5, -0.2849884
06/11/2002, 3, 1.3858643
06/11/2002, 2, 5.0775757
06/11/2002, 1, -1.9373779
07/11/2002, 100, 0.06715393
07/11/2002, 70, -0.2836914
07/11/2002, 50, -0.43496704
07/11/2002, 30, -0.51626587
07/11/2002, 20, -0.19580078
07/11/2002, 10, 0.23106384
07/11/2002, 7, 0.8974457
07/11/2002, 5, -0.20091248
07/11/2002, 3, 1.2636414
07/11/2002, 2, 5.322876
07/11/2002, 1, -1.7698975
08/11/2002, 100, 0.044662476
08/11/2002, 70, -0.17927551
08/11/2002, 50, -0.32095337
08/11/2002, 30, -0.73677063
08/11/2002, 20, -0.32948303
08/11/2002, 10, 0.5053711
08/11/2002, 7, 0.94758606
08/11/2002, 5, -0.112335205
08/11/2002, 3, 0.92370605
08/11/2002, 2, 5.1810913
08/11/2002, 1, -1.3055725
09/11/2002, 100, -0.016479492
09/11/2002, 70, -0.31825256
09/11/2002, 50, -0.4816742
09/11/2002, 30, -0.63282776
09/11/2002, 20, -0.16442871
09/11/2002, 10, 0.5509491
09/11/2002, 7, 0.85980225
09/11/2002, 5, -0.10308838
09/11/2002, 3, 1.0218506
09/11/2002, 2, 5.5871887
09/11/2002, 1, -2.09964
10/11/2002, 100, -0.008743286
10/11/2002, 70, -0.36912537
10/11/2002, 50, -0.5911102
10/11/2002, 30, -0.59606934
10/11/2002, 20, -0.25775146
10/11/2002, 10, 0.57318115
10/11/2002, 7, 0.9317932
10/11/2002, 5, -0.16763306
10/11/2002, 3, 1.1741943
10/11/2002, 2, 5.6018066
10/11/2002, 1, -2.3890076
11/11/2002, 100, -0.005630493
11/11/2002, 70, -0.41218567
11/11/2002, 50, -0.6528015
11/11/2002, 30, -0.48423767
11/11/2002, 20, -0.20947266
11/11/2002, 10, 0.5466919
11/11/2002, 7, 0.8209839
11/11/2002, 5, -0.03805542
11/11/2002, 3, 1.1285706
11/11/2002, 2, 4.994873
11/11/2002, 1, -1.6534424
12/11/2002, 100, -0.093444824
12/11/2002, 70, -0.32885742
12/11/2002, 50, -0.64456177
12/11/2002, 30, -0.48287964
12/11/2002, 20, -0.25468445
12/11/2002, 10, 0.6672821
12/11/2002, 7, 0.94403076
12/11/2002, 5, -0.25883484
12/11/2002, 3, 1.1272583
12/11/2002, 2, 5.1925964
12/11/2002, 1, -1.7610168
13/11/2002, 100, -0.020721436
13/11/2002, 70, -0.37197876
13/11/2002, 50, -0.6311188
13/11/2002, 30, -0.6294708
13/11/2002, 20, -0.19415283
13/11/2002, 10, 0.6444855
13/11/2002, 7, 0.9005432
13/11/2002, 5, -0.322464
13/11/2002, 3, 1.3258972
13/11/2002, 2, 5.588867
13/11/2002, 1, -2.0946045
14/11/2002, 100, -0.16093445
14/11/2002, 70, -0.38856506
14/11/2002, 50, -0.583313
14/11/2002, 30, -0.66726685
14/11/2002, 20, -0.2012024
14/11/2002, 10, 0.7104187
14/11/2002, 7, 0.86964417
14/11/2002, 5, -0.46437073
14/11/2002, 3, 1.510315
14/11/2002, 2, 5.672699
14/11/2002, 1, -2.0052795
15/11/2002, 100, -0.0149383545
15/11/2002, 70, -0.41931152
15/11/2002, 50, -0.7169647
15/11/2002, 30, -0.7333374
15/11/2002, 20, -0.04586792
15/11/2002, 10, 0.5956726
15/11/2002, 7, 0.95228577
15/11/2002, 5, -0.15161133
15/11/2002, 3, 1.503479
15/11/2002, 2, 5.463623
15/11/2002, 1, -1.785553
16/11/2002, 100, -0.005264282
16/11/2002, 70, -0.38835144
16/11/2002, 50, -0.6930847
16/11/2002, 30, -0.6785736
16/11/2002, 20, -0.017196655
16/11/2002, 10, 0.77156067
16/11/2002, 7, 0.9514923
16/11/2002, 5, -0.38987732
16/11/2002, 3, 1.6792603
16/11/2002, 2, 5.7205505
16/11/2002, 1, -1.6677856
17/11/2002, 100, -0.07853699
17/11/2002, 70, -0.44857788
17/11/2002, 50, -0.5416107
17/11/2002, 30, -0.6804657
17/11/2002, 20, -0.022506714
17/11/2002, 10, 0.8454895
17/11/2002, 7, 0.94595337
17/11/2002, 5, -0.37690735
17/11/2002, 3, 1.7728577
17/11/2002, 2, 5.9564514
17/11/2002, 1, -2.1102905
18/11/2002, 100, -0.124313354
18/11/2002, 70, -0.38562012
18/11/2002, 50, -0.48217773
18/11/2002, 30, -0.6214752
18/11/2002, 20, -0.083740234
18/11/2002, 10, 0.9029236
18/11/2002, 7, 0.9290314
18/11/2002, 5, -0.3011322
18/11/2002, 3, 1.7515869
18/11/2002, 2, 5.8886414
18/11/2002, 1, -1.9346313
19/11/2002, 100, -0.13926697
19/11/2002, 70, -0.36668396
19/11/2002, 50, -0.4536438
19/11/2002, 30, -0.68782043
19/11/2002, 20, -0.11592102
19/11/2002, 10, 0.83184814
19/11/2002, 7, 0.8785858
19/11/2002, 5, -0.22744751
19/11/2002, 3, 1.9981384
19/11/2002, 2, 5.4736633
19/11/2002, 1, -1.5937805
20/11/2002, 100, -0.1378479
20/11/2002, 70, -0.4411621
20/11/2002, 50, -0.32539368
20/11/2002, 30, -0.7702179
20/11/2002, 20, -0.14822388
20/11/2002, 10, 0.8572998
20/11/2002, 7, 0.8968506
20/11/2002, 5, -0.115219116
20/11/2002, 3, 1.7659302
20/11/2002, 2, 5.2523193
20/11/2002, 1, -0.9154358
21/11/2002, 100, -0.10813904
21/11/2002, 70, -0.47181702
21/11/2002, 50, -0.3653412
21/11/2002, 30, -0.7116394
21/11/2002, 20, -0.2700348
21/11/2002, 10, 0.8039398
21/11/2002, 7, 0.82351685
21/11/2002, 5, -0.35289
21/11/2002, 3, 1.698761
21/11/2002, 2, 6.009308
21/11/2002, 1, 0.26879883
22/11/2002, 100, -0.12281799
22/11/2002, 70, -0.41714478
22/11/2002, 50, -0.51112366
22/11/2002, 30, -0.56243896
22/11/2002, 20, -0.2467041
22/11/2002, 10, 0.82728577
22/11/2002, 7, 0.84950256
22/11/2002, 5, -0.3486023
22/11/2002, 3, 1.8616943
22/11/2002, 2, 6.4781494
22/11/2002, 1, 0.1958313
23/11/2002, 100, -0.15765381
23/11/2002, 70, -0.441391
23/11/2002, 50, -0.5066681
23/11/2002, 30, -0.44667053
23/11/2002, 20, -0.2434845
23/11/2002, 10, 0.8082886
23/11/2002, 7, 0.80044556
23/11/2002, 5, -0.29940796
23/11/2002, 3, 2.136383
23/11/2002, 2, 6.196106
23/11/2002, 1, -0.35739136
24/11/2002, 100, -0.101745605
24/11/2002, 70, -0.5086365
24/11/2002, 50, -0.47644043
24/11/2002, 30, -0.405365
24/11/2002, 20, -0.286026
24/11/2002, 10, 0.82510376
24/11/2002, 7, 0.72724915
24/11/2002, 5, -0.22470093
24/11/2002, 3, 2.180481
24/11/2002, 2, 5.8106995
24/11/2002, 1, -0.088653564
25/11/2002, 100, -0.14622498
25/11/2002, 70, -0.42100525
25/11/2002, 50, -0.41577148
25/11/2002, 30, -0.49040222
25/11/2002, 20, -0.43328857
25/11/2002, 10, 1.00737
25/11/2002, 7, 1.0313416
25/11/2002, 5, -0.15509033
25/11/2002, 3, 1.8369751
25/11/2002, 2, 6.042633
25/11/2002, 1, 0.10668945
26/11/2002, 100, -0.18397522
26/11/2002, 70, -0.4396057
26/11/2002, 50, -0.49371338
26/11/2002, 30, -0.4800415
26/11/2002, 20, -0.3653412
26/11/2002, 10, 0.9779968
26/11/2002, 7, 0.8064575
26/11/2002, 5, -0.16793823
26/11/2002, 3, 2.059082
26/11/2002, 2, 6.037628
26/11/2002, 1, 0.15072632
27/11/2002, 100, -0.2763977
27/11/2002, 70, -0.39782715
27/11/2002, 50, -0.44940186
27/11/2002, 30, -0.50912476
27/11/2002, 20, -0.47395325
27/11/2002, 10, 1.1577454
27/11/2002, 7, 0.76049805
27/11/2002, 5, -0.33294678
27/11/2002, 3, 2.2664795
27/11/2002, 2, 6.208893
27/11/2002, 1, 0.61468506
28/11/2002, 100, -0.22753906
28/11/2002, 70, -0.39448547
28/11/2002, 50, -0.56173706
28/11/2002, 30, -0.5275116
28/11/2002, 20, -0.32429504
28/11/2002, 10, 0.9329834
28/11/2002, 7, 0.90452576
28/11/2002, 5, 0.2000122
28/11/2002, 3, 2.4713745
28/11/2002, 2, 4.571533
28/11/2002, 1, -0.18087769
29/11/2002, 100, -0.25056458
29/11/2002, 70, -0.44444275
29/11/2002, 50, -0.6118164
29/11/2002, 30, -0.4663849
29/11/2002, 20, -0.22216797
29/11/2002, 10, 0.8290863
29/11/2002, 7, 1.082016
29/11/2002, 5, 0.4951172
29/11/2002, 3, 2.1851196
29/11/2002, 2, 4.171631
29/11/2002, 1, -0.22286987
30/11/2002, 100, -0.14489746
30/11/2002, 70, -0.5214081
30/11/2002, 50, -0.7420654
30/11/2002, 30, -0.44889832
30/11/2002, 20, -0.21992493
30/11/2002, 10, 0.86442566
30/11/2002, 7, 1.1365967
30/11/2002, 5, 0.4126892
30/11/2002, 3, 1.9638672
30/11/2002, 2, 4.0885925
30/11/2002, 1, 0.033050537
